{"width_estimates": [0.08827515759731236, 0.08656974597918492, 0.07906891747621218, 0.08546953637966795, 0.08151057462593744, 0.07889844359924904, 0.07855651740786418, 0.07589867597044461, 0.08021209243072504, 0.07874252359602144, 0.08146223632321639, 0.08171601276036036, 0.08329945812228164, 0.08191756812227663, 0.08736416525884681, 0.08603371040036645, 0.08827515759731236, 0.09037230381000395, 0.040235660768218696, 0.038208993181256555, 0.048400424566285606, 0.04100599045737208, 0.04732605198328562, 0.06322565497096432, 0.04058826149549617, 0.04390576046133887, 0.04694802352844633, 0.0439033236259079, 0.047553800067902025, 0.04732605198328562, 0.0471894031325158, 0.04717263410478111, 0.06293390427337993, 0.06217334577082057, 0.06245964051185665, 0.06271348607174415, 0.06475650955327229, 0.06512689950305267, 0.06301212171970484, 0.06521729080193596, 0.06449061307070836, 0.06543555779453634, 0.06893099495798902, 0.06884499243546845, 0.06954939147970557], "img_x_positions": [85, 119, 144, 185, 216, 249, 281, 312, 335, 360, 389, 415, 436, 464, 495, 529, 549, 564, 266, 302, 326, 346, 360, 66, 403, 421, 438, 464, 494, 518, 551, 580, 265, 284, 321, 346, 359, 373, 394, 429, 447, 464, 484, 502, 534], "tree_num": 15315}