{"width_estimates": [0.0821373368417614, 0.07879997760886336, 0.07584895275972593, 0.07437601734758074, 0.0723323966145128, 0.0706572164802017, 0.07109448074522166, 0.07379037941571003, 0.07022449511943056, 0.07096931440588149, 0.07010086044492453, 0.06892590247714825, 0.07010086044492453, 0.06815135313100394, 0.0691082461344952, 0.0682113455193235, 0.07115706391489177, 0.07115706391489177, 0.07022449511943056, 0.06833133029596257, 0.07078085115470775, 0.07450615911021868, 0.07472953801211096, 0.07463630087285662, 0.07463630087285662, 0.06893125417915803, 0.07599767943146636, 0.07540092661756397, 0.07541715144868424], "img_x_positions": [55, 113, 138, 161, 186, 207, 229, 245, 260, 277, 291, 305, 323, 346, 360, 370, 387, 404, 423, 430, 437, 455, 471, 489, 510, 533, 543, 564, 583], "tree_num": 1524}