{"width_estimates": [0.08887914062449545, 0.08742309157867087, 0.0857494709970193, 0.08480478437765926, 0.08481278362763776, 0.08383081640322683, 0.08413155644990573, 0.08148505016900115, 0.07900381945262032, 0.07743829940087349, 0.08289552328552206, 0.07777271735243088, 0.0816478574620461, 0.08105165269438445, 0.07995376517750152, 0.08050676230791944, 0.08141994025035905, 0.07992481740369788, 0.08305376481339369, 0.08123886231849983], "img_x_positions": [93, 121, 148, 172, 199, 207, 218, 260, 295, 309, 327, 349, 376, 390, 413, 445, 463, 502, 538, 555], "tree_num": 1523}