{"width_estimates": [0.07094173743135701, 0.08647851286039353, 0.0687489719092246, 0.06556542001699243, 0.06671308606213822, 0.0660664658031485, 0.06340506675720269, 0.06062156025540485, 0.05874431674763067, 0.0656369979864433, 0.06641077913080852, 0.06251684922719877, 0.06938496114145282, 0.06889095915443341, 0.06701721280388857, 0.06804485900241479, 0.06804485900241479, 0.06678583751913073, 0.06377280213980684], "img_x_positions": [71, 101, 139, 163, 176, 191, 231, 267, 292, 322, 340, 361, 389, 409, 434, 461, 482, 518, 554], "tree_num": 1521}