{"width_estimates": [0.07672832970726146, 0.08059679360167411, 0.07715728325238427, 0.07706995183418601, 0.07659168085649162, 0.07303558161427759, 0.07317748212060197, 0.07659168085649162, 0.07672832970726146, 0.0728143161959255, 0.07268417443328756, 0.06701149775293258, 0.06929723506063527, 0.07268417443328756, 0.0728143161959255, 0.07349732287874278, 0.07995259187661632, 0.07645503200572178, 0.08009574781551805, 0.08009574781551805, 0.08023890375441979, 0.08023890375441979, 0.08373646362531433], "img_x_positions": [59, 88, 133, 147, 167, 197, 222, 238, 261, 289, 301, 323, 340, 364, 385, 413, 438, 454, 479, 496, 525, 546, 570], "tree_num": 1527}