{"width_estimates": [0.0830825012680587, 0.08235370739728624, 0.07910572395015805, 0.07576594821924651, 0.07813384550228777, 0.07655589187176617, 0.07413584079656795, 0.0732047414838393, 0.07381185384198419, 0.07515217760314052, 0.07748640547462743, 0.0718464648321829, 0.07361143449208286, 0.07448858221591634, 0.07596374685176357, 0.07604833899747822, 0.07941250356166889, 0.07838935562696618, 0.07848110703785349], "img_x_positions": [67, 92, 113, 142, 171, 200, 235, 270, 289, 305, 332, 365, 398, 440, 462, 480, 508, 539, 565], "tree_num": 1522}