{"width_estimates": [0.07821219801521932, 0.0769137817190205, 0.07880447385499977, 0.0741580298951622, 0.07488855589731169, 0.07549902249118724, 0.0744378725117712, 0.07370904081406132, 0.07730420700693433, 0.07071903381745473, 0.07370904081406132, 0.07215544379651967, 0.07385870384109494, 0.0736728742310442, 0.07460701897626308, 0.07483151351681352, 0.07816314264034468, 0.07829872494977208, 0.07815281035696871, 0.07939963017132082, 0.0816639560553052, 0.08081018798923734], "img_x_positions": [74, 90, 118, 142, 164, 190, 209, 232, 262, 285, 314, 331, 354, 376, 409, 428, 457, 474, 503, 529, 550, 569], "tree_num": 1520}