{"width_estimates": [0.0756132670717255, 0.07526115637376087, 0.07519591045219975, 0.07576997850607102, 0.0725117365977923, 0.06921589645898654, 0.06606971934721444, 0.06311875487939923, 0.06324889664203717, 0.06935905239788828, 0.07168858994910735, 0.07410271964604107, 0.06749802519216579, 0.06921931180073047, 0.06764118113106753, 0.06799907097832185, 0.06940488997086133, 0.06799907097832185, 0.07123200108356477, 0.0685001167644779], "img_x_positions": [62, 93, 118, 161, 189, 214, 241, 276, 324, 360, 390, 407, 433, 454, 470, 502, 526, 549, 563, 580], "tree_num": 1525}