{"width_estimates": [0.08253915940904533, 0.08171601276036038, 0.07816314264034471, 0.07801998670144297, 0.0779484087319921, 0.08156634973332674, 0.08156634973332674, 0.07780525279309036, 0.07440529924417427, 0.07005851050642352, 0.07127647304729677, 0.07448961122504122, 0.07702738688825267, 0.07613405013166367, 0.07392702826647987, 0.07379037941571004, 0.07406367711724969, 0.07040669358712369, 0.07759051888473778, 0.07759051888473778, 0.07737578497638518, 0.08096769762519225, 0.08301199624455335, 0.08096769762519225], "img_x_positions": [71, 90, 109, 138, 160, 178, 196, 217, 239, 274, 294, 310, 323, 348, 374, 393, 409, 431, 457, 483, 503, 526, 542, 561], "tree_num": 1532}