{"width_estimates": [0.07542895662275867, 0.0728674337525877, 0.07247269406900092, 0.0744470390757968, 0.07255403267064964, 0.07279804847559576, 0.06847099897493532, 0.06757285670568261, 0.0644201725057786, 0.06960227363274157, 0.06926298235279103, 0.06839483546105887, 0.06690128416972121, 0.06876824043137354, 0.07058738111113698, 0.06892139909603139, 0.07219587509097168, 0.0720995331126299, 0.07330092254326395], "img_x_positions": [65, 89, 112, 145, 175, 202, 232, 256, 279, 312, 344, 366, 390, 424, 459, 478, 502, 528, 551], "tree_num": 1518}