{"width_estimates": [0.0722286782640548, 0.07247269406900092, 0.07162592866577915, 0.07066607384370235, 0.06746606024900854, 0.06674971005699766, 0.06429395759821253, 0.0667378685230875, 0.06640203669364003, 0.06696257515111136, 0.06377597078072081, 0.06334650296401563, 0.06894910584557878, 0.07082831253364351, 0.0697299564214064, 0.07277485999109594, 0.0693996955969882, 0.074864048957473, 0.0749194013117689], "img_x_positions": [81, 118, 151, 162, 178, 218, 247, 275, 301, 325, 358, 392, 415, 441, 458, 491, 521, 556, 572], "tree_num": 1515}