{"width_estimates": [0.08032725857894309, 0.08424815485625024, 0.08406210791252713, 0.0798665494863853, 0.07976161321356251, 0.07492611284610673, 0.0781418834374125, 0.0757065327931988, 0.07785080241001366, 0.07784019911554083, 0.07807506693657741, 0.0775384621796826, 0.07362350979441427, 0.07843407288994529, 0.07835571717277252, 0.0795458913496502, 0.07641047950315326, 0.07756786717071089, 0.08348106179510698, 0.08303237282642788, 0.08319827167323393], "img_x_positions": [99, 127, 146, 167, 190, 212, 243, 268, 289, 307, 327, 348, 378, 404, 423, 443, 466, 499, 525, 536, 554], "tree_num": 1519}