{"width_estimates": [0.08793672124229096, 0.08656974597918492, 0.07906891747621218, 0.08546953637966795, 0.08151057462593744, 0.07889844359924904, 0.07855651740786418, 0.07589867597044461, 0.0786544277943029, 0.07874252359602144, 0.08146223632321639, 0.08171601276036036, 0.08329945812228164, 0.08191756812227663, 0.08736416525884681, 0.08603371040036645, 0.08827515759731236, 0.09037230381000395], "img_x_positions": [85, 119, 144, 185, 216, 249, 281, 312, 335, 360, 389, 415, 436, 464, 495, 529, 549, 564], "tree_num": 1531}