{"width_estimates": [0.0728338374603212, 0.07141945355000441, 0.06831693004770675, 0.06875451059009088, 0.06699697940600974, 0.0635827323424017, 0.06312683790946787, 0.06684080929084421, 0.06463749309859187, 0.06652400387968387, 0.06699413818272051, 0.06699697940600974, 0.06962584301129605, 0.06970718161294477, 0.07300302175175051, 0.07537160183176096, 0.07779874570495847], "img_x_positions": [77, 112, 159, 180, 198, 224, 258, 293, 317, 350, 381, 409, 447, 475, 503, 529, 567], "tree_num": 1514}