{"width_estimates": [0.07395841103155772, 0.07275900594680439, 0.0789455438772679, 0.07257355393504532, 0.07275900594680439, 0.0847678554511297, 0.06851963802887359, 0.06851963802887359, 0.0689295845811831, 0.06915318364509195, 0.0697022675631585, 0.06851963802887359, 0.06851963802887359, 0.0689295845811831, 0.07023661203340419, 0.07275900594680439, 0.07162165254905448, 0.07129622630115155, 0.07127538985273191, 0.07201719789976814, 0.07515686792340837, 0.07463630087285662], "img_x_positions": [78, 109, 133, 153, 181, 201, 235, 259, 281, 302, 326, 356, 375, 392, 407, 440, 478, 494, 507, 526, 547, 576], "tree_num": 1529}