{"width_estimates": [0.07765843193042524, 0.07708947309858172, 0.0766675067628281, 0.07762580461101577, 0.07708050871605929, 0.07623053746517133, 0.07601580355681874, 0.07256053975878152, 0.06917034684206327, 0.06943063036733915, 0.06943063036733915, 0.07276551303493628, 0.07637369340407307, 0.06897513419810639, 0.07515686792340837, 0.07494213401505577, 0.07530002386231009, 0.0757294916790153, 0.07887241524672145, 0.08198931046190003], "img_x_positions": [55, 80, 103, 133, 156, 179, 211, 243, 266, 289, 316, 342, 383, 425, 451, 476, 504, 524, 545, 572], "tree_num": 1526}