{"width_estimates": [0.07413373467537494, 0.06678583950037953, 0.06663258247062352, 0.06440728233419427, 0.06321321809585398, 0.06061841156898198, 0.06049966835337182, 0.06722221272581134, 0.06593399517720688, 0.06566914954195414, 0.06488082861680644, 0.06411998477181702, 0.06814670567485487, 0.0661294516846492, 0.06676873033524093, 0.06564789260045342, 0.06689286599589939, 0.06757542578018697, 0.06797021892009067, 0.06948817625900555, 0.07707645892231792], "img_x_positions": [71, 98, 132, 160, 183, 217, 241, 266, 278, 296, 322, 348, 377, 389, 411, 439, 462, 486, 513, 530, 548], "tree_num": 1516}