{"width_estimates": [0.09089966747443251, 0.09261108027300792, 0.089577420039791, 0.08806616486631366, 0.0849630497381769, 0.08467673786037341, 0.08481989379927515, 0.07961627916934323, 0.07929964877329176, 0.08297652384865252, 0.07749941965089123, 0.0813743906334358, 0.08539251755488207, 0.08151103948420561, 0.08151103948420561, 0.08174260242630677, 0.08524936161598035, 0.08539251755488207, 0.08539251755488207, 0.08567882943268554, 0.08421100194452467, 0.0915123021330639, 0.08927399562555853, 0.08539251755488207], "img_x_positions": [60, 81, 98, 117, 142, 157, 176, 204, 238, 262, 284, 318, 347, 367, 394, 410, 438, 461, 478, 498, 516, 543, 562, 575], "tree_num": 1528}