{"width_estimates": [0.08027143919507926, 0.078081484025091, 0.07919192022214154, 0.07903724850295767, 0.08019335413749651, 0.07750295735540468, 0.078081484025091, 0.0753851889918878, 0.07685196438176749, 0.07872355363413362, 0.07691663113224391, 0.07315268477878414, 0.07293795087043153, 0.07345434661437912, 0.0699642115941547, 0.07308110680933327, 0.07338247347679165, 0.07315268477878414, 0.0764029753006666, 0.07582444860435768, 0.07625331227363297, 0.0764029753006666, 0.0764751557374549, 0.07818749830783116, 0.0780343396431733], "img_x_positions": [90, 114, 131, 161, 174, 186, 190, 189, 186, 191, 216, 238, 261, 290, 326, 354, 373, 401, 426, 452, 469, 489, 525, 559, 584], "tree_num": 1530}