{"width_estimates": [0.07545448610003014, 0.07662096275308515, 0.07767788652351508, 0.07774411686575247, 0.07010015139946722, 0.06474300283235469, 0.07093239224619961, 0.06841166050056996, 0.07208105869631456, 0.06628384511966962, 0.06806928170531466, 0.07168858994910735, 0.07253678720229759, 0.06797821808979548, 0.07182219358549945, 0.07472740010670317, 0.075952179920175, 0.07899585702656517, 0.07544152298431579, 0.07702724094193239], "img_x_positions": [72, 103, 126, 146, 170, 209, 235, 252, 276, 304, 337, 358, 385, 411, 430, 454, 480, 507, 528, 554], "tree_num": 1517}