{"width_estimates": [0.06278334840857203, 0.06342977605558157, 0.0627738792084087, 0.05937392565949261, 0.06179411594357124, 0.06155705372774399, 0.061628631697194854, 0.0611275859110388, 0.06195238511115219, 0.06309567397566883, 0.06473251273610964, 0.06748362296713482, 0.06987311236030813], "img_x_positions": [98, 133, 166, 200, 234, 269, 305, 343, 381, 419, 459, 501, 546], "tree_num": 1555}