{"width_estimates": [0.08287313866297301, 0.08142302355066218, 0.07953939178024087, 0.07906762789067835, 0.07878456955694084, 0.0754782562677836, 0.07529594163911744, 0.0763457564509892, 0.07718057233242827, 0.07680316122077825, 0.0776999565890525, 0.07798745126078349, 0.08022868231540566, 0.0830825012680587, 0.08278475465876935, 0.08661585012367869, 0.0888217530003917], "img_x_positions": [78, 100, 124, 154, 183, 213, 243, 273, 303, 334, 369, 401, 438, 473, 507, 541, 576], "tree_num": 1522}