{"width_estimates": [0.0774489713859717, 0.07615895949572048, 0.07497466945571524, 0.07642575010912826, 0.07451917328648247, 0.07416104335543518, 0.07139879435474744, 0.07132773098075704, 0.07020483159338244, 0.07224169244031858, 0.07233279167416515, 0.07205949397262548, 0.0716039978033927, 0.07378387232757815, 0.07512641365123011, 0.07265163899262808, 0.07562504569113437, 0.07943853191419648, 0.07943853191419648], "img_x_positions": [64, 77, 89, 108, 134, 163, 191, 219, 248, 277, 307, 338, 368, 398, 427, 456, 487, 518, 550], "tree_num": 1516}