{"width_estimates": [0.0796714927271049, 0.07921570615543955, 0.0789830357449637, 0.07909996399932104, 0.0758986759704446, 0.07528375614198035, 0.0747566820032967, 0.07385047127514424, 0.07114199454602801, 0.07122658669174267, 0.07088821810888404, 0.07625005872956703, 0.07615895949572048, 0.07653083707268858, 0.07803209157846812, 0.07915872712452492, 0.07945154609046026, 0.07943226337096232], "img_x_positions": [64, 90, 117, 145, 172, 198, 223, 249, 276, 304, 336, 367, 395, 424, 455, 489, 525, 563], "tree_num": 2536}