{"width_estimates": [0.07756449053221018, 0.07725215030187914, 0.07437238641194131, 0.07454142117259567, 0.07185693484895983, 0.07060307000070748, 0.06964612909601528, 0.07036017509162615, 0.07092517833890691, 0.07194236638625132, 0.07309012700848903, 0.07569714054875977, 0.07709272664264769], "img_x_positions": [78, 115, 151, 187, 225, 263, 299, 335, 375, 419, 465, 511, 556], "tree_num": 1537}