{"width_estimates": [0.08242372138017592, 0.0813998548577782, 0.08064234321859738, 0.07897295978389444, 0.0774115739611106, 0.07620133780661408, 0.0751335599899987, 0.07502040504565283, 0.07676737223605282, 0.07623053746517133, 0.07820869225726797, 0.07734657910481334, 0.07688124627836102, 0.07918585994716537], "img_x_positions": [87, 116, 146, 180, 214, 252, 289, 331, 371, 413, 451, 489, 530, 570], "tree_num": 2537}