{"width_estimates": [0.0789722955450364, 0.07766259987746009, 0.07641924302099634, 0.076315129610886, 0.07408420208676053, 0.07496165527945145, 0.07433697481878936, 0.07371229435812726, 0.07425533193181279, 0.07462003315252687, 0.07599628229242306, 0.07823146706572962, 0.08011526907991376], "img_x_positions": [93, 127, 161, 196, 230, 264, 298, 331, 365, 402, 440, 483, 530], "tree_num": 1557}