{"width_estimates": [0.04236765082678025, 0.03969245047911781, 0.04044805982787068, 0.04000540015438023, 0.039302812316656846, 0.03896223457017214, 0.03885791801175133, 0.03852196174082922, 0.0383657916256637, 0.04076365360226768, 0.041000361446818664, 0.04036312097864741, 0.04217229774454715, 0.041990239715130225, 0.0438903094496441], "img_x_positions": [63, 94, 127, 159, 192, 224, 256, 291, 326, 363, 400, 438, 475, 517, 556], "tree_num": 1539}