{"width_estimates": [0.09127825200533704, 0.09227824171602828, 0.045683012229981675, 0.08655728633049159, 0.08794884127645404, 0.07889794315562619, 0.0776640156990785, 0.07633790441934764, 0.07580106964846614, 0.07820869225726797, 0.07982570365804433, 0.07454686985688745, 0.07599628229242306, 0.0796646262362651, 0.08173878756882201], "img_x_positions": [71, 101, 128, 161, 193, 223, 251, 283, 318, 355, 392, 425, 461, 498, 537], "tree_num": 1523}