{"width_estimates": [0.07339311098261009, 0.0719879160031746, 0.07232628458603324, 0.07173413956603063, 0.07122658669174267, 0.06930407504779824, 0.06993002771614172, 0.07071903381745473, 0.0705173573928853, 0.06978852021459347, 0.07075453787151616, 0.07298074039072738, 0.07388147864955659, 0.07576528066374072, 0.07720660068495587], "img_x_positions": [62, 93, 127, 163, 199, 233, 268, 303, 336, 368, 400, 434, 473, 513, 555], "tree_num": 2540}