{"width_estimates": [0.0789830357449637, 0.07637234992277409, 0.07525649977085351, 0.07351258801145762, 0.07164297746281044, 0.071900070313394, 0.0742540908282143, 0.07705321812327896], "img_x_positions": [112, 167, 216, 261, 317, 372, 441, 508], "tree_num": 1553}