{"width_estimates": [0.06715169944002178, 0.0731557507934521, 0.06623565009457782, 0.06797493754118676, 0.06108528983818148, 0.06103565559567256, 0.06335412752907882, 0.0698923247327112, 0.0704640805934302, 0.07216599836063164, 0.07541490565575298], "img_x_positions": [74, 115, 155, 198, 241, 287, 332, 381, 430, 479, 525], "tree_num": 1556}