{"width_estimates": [0.0703462970746629, 0.07010086044492453, 0.06769961889777643, 0.06780281481920751, 0.06710829174807606, 0.0666742148286189, 0.06488688867897588, 0.06420566150124386, 0.06395020130959435, 0.06460661178046663, 0.06584843968886042, 0.0650058104376493, 0.06732233381260458, 0.06752440634809476, 0.07164304033218408], "img_x_positions": [60, 84, 111, 139, 168, 198, 230, 269, 309, 347, 384, 422, 468, 514, 556], "tree_num": 2541}