{"width_estimates": [0.07715779752396665, 0.07635091859561143, 0.07645177846165584, 0.07527135540428952, 0.0754718117435819, 0.07456975821676617, 0.07453544100681221, 0.07423286140867902, 0.07372856207845702, 0.0731234028821906, 0.07516988209967215, 0.07414008662639324, 0.07256704684691342, 0.07842993325375247, 0.08145230024507409, 0.08234069322102246, 0.08166941774356404], "img_x_positions": [59, 89, 118, 148, 181, 212, 243, 274, 305, 336, 369, 403, 436, 468, 503, 539, 576], "tree_num": 1520}