{"width_estimates": [0.0674553533592658, 0.06641376867694462, 0.06613994164607415, 0.06425291027755095, 0.06366032744231662, 0.06261343231008326, 0.06205085170782289, 0.06298753125365208, 0.06337027260379577, 0.06468045603105446, 0.06493762449028118, 0.06734836216513215, 0.06764896665339756], "img_x_positions": [75, 108, 144, 185, 225, 262, 298, 336, 375, 416, 452, 491, 534], "tree_num": 1534}