{"width_estimates": [0.0830825012680587, 0.08407423081469699, 0.08119219216574268, 0.08099047243365387, 0.0787760892615983, 0.07803076559417606, 0.07769463229484813, 0.07778785968047905, 0.07907413497881026, 0.07836811591649945, 0.07812624268971556, 0.07990648375033967, 0.08071692287024443, 0.0817635289805469, 0.08385769203120443, 0.08531673607763779, 0.08690866908961403], "img_x_positions": [82, 121, 154, 181, 209, 237, 266, 291, 313, 338, 368, 399, 430, 459, 489, 523, 555], "tree_num": 1519}