{"width_estimates": [0.07823890926990214, 0.07674547860221129, 0.07416476535190523, 0.07289218610743403, 0.0722967964600462, 0.07242689335830853, 0.07247964448894625, 0.074675343401648, 0.07756449053221019], "img_x_positions": [108, 155, 201, 243, 293, 346, 395, 451, 508], "tree_num": 1552}