{"width_estimates": [0.08038856678145341, 0.07803645619957306, 0.07684561598277967, 0.07739255986877809, 0.07661445566495326, 0.07474654246976642, 0.0750657686895618, 0.0729562061231852, 0.07250862203653989, 0.07073334977350827, 0.07054008889382757, 0.07062776192434222, 0.07125538659393302, 0.07224169244031858, 0.07183057608806823, 0.07324429389462747, 0.07535208056736527, 0.0762179074466898], "img_x_positions": [59, 85, 113, 142, 168, 188, 212, 236, 263, 294, 328, 361, 392, 423, 455, 490, 527, 563], "tree_num": 2535}