{"width_estimates": [0.06581268936600453, 0.0656435050745752, 0.06923541772338225, 0.06796002844953046, 0.06200604280884488, 0.06403950785006263, 0.06672715409180868, 0.06496391855124711, 0.06430304491940446, 0.06430304491940446, 0.06641134147413902, 0.06124471349741294, 0.06158308208027158, 0.06386381647050142, 0.06456658198874628, 0.06447873629896567, 0.06242900353741817, 0.06509365612742991, 0.06518150181721052, 0.0640897588862229, 0.0706702306564655, 0.06841552461876325, 0.0730095288398824, 0.070764583434378], "img_x_positions": [56, 59, 57, 63, 76, 97, 118, 141, 163, 187, 211, 237, 266, 295, 326, 350, 380, 405, 433, 461, 485, 508, 534, 559], "tree_num": 1514}