{"width_estimates": [0.08089611965574137, 0.08071392118804827, 0.08053172272035515, 0.07765558976605674, 0.07791912683539857, 0.0764942283480725, 0.07553106333103886, 0.07477945681175835, 0.07435649608318505, 0.07633790441934764, 0.07291842960603585, 0.07502021907263853, 0.07761654723726535, 0.07734324953572569, 0.08266042185771323, 0.030879172648648628, 0.028515501309775423], "img_x_positions": [75, 97, 122, 152, 183, 214, 244, 275, 306, 329, 351, 376, 405, 437, 469, 496, 555], "tree_num": 1517}