{"width_estimates": [0.07697885260033947, 0.07528364337374079, 0.07595066354601934, 0.07315886515167522, 0.07359537389363033, 0.07189340059940857, 0.07120870154608089, 0.0708642231922223, 0.07194561993031727, 0.07185777424053666, 0.07141854579163363, 0.072687655671198, 0.07315268477878414, 0.07287938707724446, 0.07260841067434848, 0.07215059320647203, 0.07701138804099895, 0.07661074200561682, 0.07869237770742726], "img_x_positions": [61, 88, 117, 147, 176, 206, 229, 252, 274, 298, 325, 354, 381, 406, 433, 461, 491, 522, 552], "tree_num": 1515}