{"width_estimates": [0.06935452830094618, 0.06500581043764932, 0.06697095105348215, 0.06494785393073184, 0.06439945297135663, 0.06177350092391236, 0.06189542231060264, 0.06373692825192943, 0.06767371657172702, 0.06504808210037803, 0.0673609790759568, 0.06717986362300096, 0.06902719090316155, 0.07128515048492975], "img_x_positions": [61, 96, 134, 173, 214, 254, 295, 334, 373, 413, 454, 493, 536, 577], "tree_num": 1538}