{"width_estimates": [0.052837555631002245, 0.052937597655609736, 0.052837555631002245, 0.05322457383614714, 0.05788054893322228, 0.05755519452662744, 0.059215558588208296, 0.062058099513900046, 0.06165685980115827, 0.061208581309779915], "img_x_positions": [151, 185, 222, 263, 307, 349, 394, 446, 499, 557], "tree_num": 1554}