{"width_estimates": [0.06792749300887099, 0.06770395526212256, 0.06738513383521812, 0.06528572451102789, 0.06635953872241988, 0.06482686551402216, 0.0644201725057786, 0.06293191282550083, 0.0664894265317218, 0.06401347949753505, 0.06486644910116546, 0.060437834569057734, 0.06488217576314327, 0.0660665071413789, 0.06403625430599669, 0.0665548716586246, 0.0703345983416956], "img_x_positions": [60, 85, 116, 152, 185, 213, 236, 261, 289, 318, 349, 380, 411, 444, 480, 517, 552], "tree_num": 2534}