{"width_estimates": [0.07376753795211227, 0.06895515730708567, 0.07104764176811552, 0.06862385394127947, 0.06768673074799081, 0.06761602698086015, 0.0666846391756787, 0.06608905289147718, 0.06568254760336657, 0.06732840861852293, 0.06504485296644069, 0.06910527596074431, 0.06881245699480895, 0.07319172730757552], "img_x_positions": [91, 123, 156, 187, 218, 250, 282, 318, 353, 386, 422, 460, 501, 543], "tree_num": 1521}