{"width_estimates": [0.0681657507774525, 0.06846594742038013, 0.06741343304645113, 0.06704903611106491, 0.06658054261836482, 0.06442643691672456, 0.06575856061073068, 0.06585746497178672, 0.06704669979585129, 0.06806080362912494, 0.06896520403513354, 0.0711289863226394, 0.07225470661658237, 0.07404917624511786], "img_x_positions": [91, 126, 162, 200, 236, 273, 309, 346, 380, 418, 456, 492, 532, 569], "tree_num": 1540}