{"width_estimates": [0.0658842673354554, 0.06539623572556312, 0.06474552691237344, 0.06366619392379157, 0.06216725872664238, 0.06182266084931753, 0.06261286637264658, 0.06336277068434537, 0.06320009348104794, 0.06357158555092089, 0.0656435050745752, 0.06547432078314588, 0.06471299147171396, 0.06868882232030292, 0.06844061267574868, 0.06976814520068866, 0.07183825297614098], "img_x_positions": [69, 96, 124, 155, 188, 221, 254, 288, 323, 359, 395, 429, 456, 481, 505, 534, 570], "tree_num": 1558}