{"width_estimates": [0.07339995412779622, 0.0732437840126307, 0.07199968528009157, 0.07152591274580994, 0.07058889205481678, 0.07027655182448574, 0.06906092261559803, 0.06660004702996404, 0.06894910584557878, 0.06682147060042913, 0.06506657673779029, 0.067900884721719, 0.06816825526975116, 0.06793440678879378, 0.06777513363477314, 0.06783313547134903, 0.06707249389989328, 0.07414033784328196, 0.07414176217483245], "img_x_positions": [73, 98, 116, 127, 143, 164, 190, 215, 241, 272, 306, 337, 365, 391, 421, 454, 488, 520, 553], "tree_num": 2538}