{"width_estimates": [0.04947483573396905, 0.06886451369986414, 0.06647156625805667, 0.06549222778167856, 0.06635158148141758, 0.06671947677716472, 0.06788519693601366, 0.06967751565854088, 0.07205672984677622, 0.07364783462771697], "img_x_positions": [117, 122, 181, 233, 289, 341, 402, 453, 512, 557], "tree_num": 1551}