{"width_estimates": [0.07595079413935998, 0.07425513092746888, 0.07295336765554067, 0.07136616981284848, 0.07117842919503542, 0.06968285406981198, 0.06940965601902363, 0.06885065207793083, 0.06864304979099062, 0.069655103555981, 0.0704325488018385, 0.07136245678808804, 0.07351686530047198], "img_x_positions": [103, 140, 177, 209, 241, 272, 300, 332, 369, 404, 441, 480, 523], "tree_num": 1535}