{"width_estimates": [0.08283848546311257, 0.07977039340892321, 0.08257494839377075, 0.07934743268034991, 0.08481338671114326, 0.07807855049463004, 0.0781631426403447, 0.07774018191177141, 0.07706344474605414, 0.07706344474605414, 0.07473646097791069, 0.0767250761631955, 0.07621752328890755, 0.0766380574948534, 0.07587915470604892, 0.07862189235364342, 0.07951194419140824, 0.0799380564520875, 0.08117588063013834, 0.08189407737009635], "img_x_positions": [73, 101, 125, 149, 168, 192, 216, 243, 270, 297, 323, 347, 370, 393, 418, 443, 470, 497, 524, 553], "tree_num": 1518}