{"width_estimates": [0.035729668568181966, 0.04114476604879747, 0.03908157132017235, 0.04003811327556118, 0.04040251021094741, 0.03976481557402151, 0.04022031174325429, 0.039683464701892344, 0.040481202067470835, 0.041356032443692854, 0.040917100009173986, 0.04184110013604099, 0.0422635374166699, 0.04346734872107081, 0.044225315701737995, 0.044540086631999466], "img_x_positions": [75, 105, 163, 193, 218, 247, 279, 313, 343, 371, 402, 435, 472, 505, 541, 579], "tree_num": 2539}