{"width_estimates": [0.0693395311334926, 0.06859690745804643, 0.06707671054794317, 0.06670114105999277, 0.06588269115525403, 0.06386051518743806, 0.06386051518743806, 0.06351202195446745, 0.06298003130967841, 0.06558080893396095, 0.06582570354226831, 0.06527910813918898, 0.06610189535491089, 0.06546709287306313, 0.06783639377502443, 0.07076247308691465, 0.0703806652345961], "img_x_positions": [71, 103, 136, 169, 201, 233, 264, 287, 307, 329, 357, 387, 420, 453, 490, 528, 566], "tree_num": 1541}